<?xml version="1.0" encoding="UTF-8"?>
<GenRun Id="impl_1" LaunchPart="xc7a35tcpg236-1" LaunchTime="1728367645">
  <File Type="ROUTE-PWR" Name="system_power_routed.rpt"/>
  <File Type="PA-TCL" Name="system.tcl"/>
  <File Type="ROUTE-PWR-SUM" Name="system_power_summary_routed.pb"/>
  <File Type="REPORTS-TCL" Name="system_reports.tcl"/>
  <File Type="OPT-RQA-PB" Name="system_rqa_opted.pb"/>
  <File Type="BITSTR-MMI" Name="system.mmi"/>
  <File Type="OPT-METHODOLOGY-DRC" Name="system_methodology_drc_opted.rpt"/>
  <File Type="INIT-TIMING" Name="system_timing_summary_init.rpt"/>
  <File Type="OPT-TIMING" Name="system_timing_summary_opted.rpt"/>
  <File Type="OPT-DCP" Name="system_opt.dcp"/>
  <File Type="OPT-DRC" Name="system_drc_opted.rpt"/>
  <File Type="OPT-HWDEF" Name="system.hwdef"/>
  <File Type="PWROPT-DCP" Name="system_pwropt.dcp"/>
  <File Type="PWROPT-DRC" Name="system_drc_pwropted.rpt"/>
  <File Type="PWROPT-TIMING" Name="system_timing_summary_pwropted.rpt"/>
  <File Type="PLACE-DCP" Name="system_placed.dcp"/>
  <File Type="PLACE-IO" Name="system_io_placed.rpt"/>
  <File Type="PLACE-CLK" Name="system_clock_utilization_placed.rpt"/>
  <File Type="PLACE-UTIL" Name="system_utilization_placed.rpt"/>
  <File Type="PLACE-UTIL-PB" Name="system_utilization_placed.pb"/>
  <File Type="PLACE-CTRL" Name="system_control_sets_placed.rpt"/>
  <File Type="PLACE-SIMILARITY" Name="system_incremental_reuse_placed.rpt"/>
  <File Type="PLACE-PRE-SIMILARITY" Name="system_incremental_reuse_pre_placed.rpt"/>
  <File Type="BG-BIN" Name="system.bin"/>
  <File Type="PLACE-TIMING" Name="system_timing_summary_placed.rpt"/>
  <File Type="ROUTE-PWR-RPX" Name="system_power_routed.rpx"/>
  <File Type="PLACE-RQA-PB" Name="system_rqa_placed.pb"/>
  <File Type="POSTPLACE-PWROPT-DCP" Name="system_postplace_pwropt.dcp"/>
  <File Type="BITSTR-MSK" Name="system.msk"/>
  <File Type="POSTPLACE-PWROPT-TIMING" Name="system_timing_summary_postplace_pwropted.rpt"/>
  <File Type="PHYSOPT-DCP" Name="system_physopt.dcp"/>
  <File Type="PHYSOPT-DRC" Name="system_drc_physopted.rpt"/>
  <File Type="BITSTR-RBT" Name="system.rbt"/>
  <File Type="PHYSOPT-TIMING" Name="system_timing_summary_physopted.rpt"/>
  <File Type="ROUTE-ERROR-DCP" Name="system_routed_error.dcp"/>
  <File Type="ROUTE-DCP" Name="system_routed.dcp"/>
  <File Type="ROUTE-BLACKBOX-DCP" Name="system_routed_bb.dcp"/>
  <File Type="ROUTE-DRC" Name="system_drc_routed.rpt"/>
  <File Type="ROUTE-DRC-PB" Name="system_drc_routed.pb"/>
  <File Type="ROUTE-DRC-RPX" Name="system_drc_routed.rpx"/>
  <File Type="ROUTE-METHODOLOGY-DRC" Name="system_methodology_drc_routed.rpt"/>
  <File Type="ROUTE-METHODOLOGY-DRC-RPX" Name="system_methodology_drc_routed.rpx"/>
  <File Type="ROUTE-METHODOLOGY-DRC-PB" Name="system_methodology_drc_routed.pb"/>
  <File Type="ROUTE-RQS-PB" Name="system_rqs_routed.pb"/>
  <File Type="ROUTE-STATUS" Name="system_route_status.rpt"/>
  <File Type="ROUTE-STATUS-PB" Name="system_route_status.pb"/>
  <File Type="ROUTE-TIMINGSUMMARY" Name="system_timing_summary_routed.rpt"/>
  <File Type="ROUTE-TIMING-PB" Name="system_timing_summary_routed.pb"/>
  <File Type="ROUTE-TIMING-RPX" Name="system_timing_summary_routed.rpx"/>
  <File Type="ROUTE-SIMILARITY" Name="system_incremental_reuse_routed.rpt"/>
  <File Type="ROUTE-CLK" Name="system_clock_utilization_routed.rpt"/>
  <File Type="ROUTE-BUS-SKEW" Name="system_bus_skew_routed.rpt"/>
  <File Type="ROUTE-BUS-SKEW-PB" Name="system_bus_skew_routed.pb"/>
  <File Type="ROUTE-BUS-SKEW-RPX" Name="system_bus_skew_routed.rpx"/>
  <File Type="POSTROUTE-PHYSOPT-DCP" Name="system_postroute_physopt.dcp"/>
  <File Type="POSTROUTE-PHYSOPT-BLACKBOX-DCP" Name="system_postroute_physopt_bb.dcp"/>
  <File Type="POSTROUTE-PHYSOPT-TIMING" Name="system_timing_summary_postroute_physopted.rpt"/>
  <File Type="POSTROUTE-PHYSOPT-TIMING-PB" Name="system_timing_summary_postroute_physopted.pb"/>
  <File Type="POSTROUTE-PHYSOPT-TIMING-RPX" Name="system_timing_summary_postroute_physopted.rpx"/>
  <File Type="POSTROUTE-PHYSOPT-BUS-SKEW" Name="system_bus_skew_postroute_physopted.rpt"/>
  <File Type="BG-BIT" Name="system.bit"/>
  <File Type="POSTROUTE-PHYSOPT-BUS-SKEW-PB" Name="system_bus_skew_postroute_physopted.pb"/>
  <File Type="POSTROUTE-PHYSOPT-BUS-SKEW-RPX" Name="system_bus_skew_postroute_physopted.rpx"/>
  <File Type="BITSTR-NKY" Name="system.nky"/>
  <File Type="BITSTR-BMM" Name="system_bd.bmm"/>
  <File Type="PDI-FILE" Name="system.pdi"/>
  <File Type="BOOT-PDI-FILE" Name="system_boot.pdi"/>
  <File Type="PL-PDI-FILE" Name="system_pld.pdi"/>
  <File Type="RCFI_FILE" Name="system.rcfi"/>
  <File Type="CFI_FILE" Name="system.cfi"/>
  <File Type="RNPI_FILE" Name="system.rnpi"/>
  <File Type="NPI_FILE" Name="system.npi"/>
  <File Type="RBD_FILE" Name="system.rbd"/>
  <File Type="BITSTR-LTX" Name="debug_nets.ltx"/>
  <File Type="BITSTR-LTX" Name="system.ltx"/>
  <File Type="BITSTR-SYSDEF" Name="system.sysdef"/>
  <File Type="BG-BGN" Name="system.bgn"/>
  <File Type="BG-DRC" Name="system.drc"/>
  <File Type="RDI-RDI" Name="system.vdi"/>
  <File Type="WBT-USG" Name="usage_statistics_webtalk.html"/>
  <File Type="ROUTE-RQS" Name="system_routed.rqs"/>
  <File Type="POSTROUTE-PHYSOPT-RQS" Name="system_postroute_physopted.rqs"/>
  <File Type="ROUTE-RQS-RPT" Name="route_report_qor_suggestions_0.rpt"/>
  <File Type="POSTROUTE-PHYSOPT-RQS-RPT" Name="postroute_physopt_report_qor_suggestions_0.rpt"/>
  <FileSet Name="sources" Type="DesignSrcs" RelSrcDir="$PSRCDIR/sources_1" RelGenDir="$PGENDIR/sources_1">
    <Filter Type="Srcs"/>
    <File Path="$PPRDIR/../../modules/clockDiv.v">
      <FileInfo>
        <Attr Name="UsedIn" Val="synthesis"/>
        <Attr Name="UsedIn" Val="implementation"/>
        <Attr Name="UsedIn" Val="simulation"/>
      </FileInfo>
    </File>
    <File Path="$PPRDIR/../../modules/quadSevenSeg.v">
      <FileInfo>
        <Attr Name="UsedIn" Val="synthesis"/>
        <Attr Name="UsedIn" Val="implementation"/>
        <Attr Name="UsedIn" Val="simulation"/>
      </FileInfo>
    </File>
    <File Path="$PPRDIR/../../modules/segmentDecoder.v">
      <FileInfo>
        <Attr Name="UsedIn" Val="synthesis"/>
        <Attr Name="UsedIn" Val="implementation"/>
        <Attr Name="UsedIn" Val="simulation"/>
      </FileInfo>
    </File>
    <File Path="$PPRDIR/../../modules/singlePulser.v">
      <FileInfo>
        <Attr Name="UsedIn" Val="synthesis"/>
        <Attr Name="UsedIn" Val="implementation"/>
        <Attr Name="UsedIn" Val="simulation"/>
      </FileInfo>
    </File>
    <File Path="$PSRCDIR/sources_1/new/system.v">
      <FileInfo>
        <Attr Name="UsedIn" Val="synthesis"/>
        <Attr Name="UsedIn" Val="implementation"/>
        <Attr Name="UsedIn" Val="simulation"/>
      </FileInfo>
    </File>
    <File Path="$PPRDIR/../../modules/hexTo7Segment.v">
      <FileInfo>
        <Attr Name="AutoDisabled" Val="1"/>
        <Attr Name="UsedIn" Val="synthesis"/>
        <Attr Name="UsedIn" Val="implementation"/>
        <Attr Name="UsedIn" Val="simulation"/>
      </FileInfo>
    </File>
    <File Path="$PPRDIR/../../modules/BCDCounter.v">
      <FileInfo>
        <Attr Name="AutoDisabled" Val="1"/>
        <Attr Name="UsedIn" Val="synthesis"/>
        <Attr Name="UsedIn" Val="implementation"/>
        <Attr Name="UsedIn" Val="simulation"/>
      </FileInfo>
    </File>
    <File Path="$PPRDIR/../../modules/DFlipFlop.v">
      <FileInfo>
        <Attr Name="AutoDisabled" Val="1"/>
        <Attr Name="UsedIn" Val="synthesis"/>
        <Attr Name="UsedIn" Val="implementation"/>
        <Attr Name="UsedIn" Val="simulation"/>
      </FileInfo>
    </File>
    <File Path="$PPRDIR/../../modules/StackRAM.v">
      <FileInfo>
        <Attr Name="AutoDisabled" Val="1"/>
        <Attr Name="UsedIn" Val="synthesis"/>
        <Attr Name="UsedIn" Val="implementation"/>
        <Attr Name="UsedIn" Val="simulation"/>
      </FileInfo>
    </File>
    <File Path="$PPRDIR/../../modules/fullAdder.v">
      <FileInfo>
        <Attr Name="AutoDisabled" Val="1"/>
        <Attr Name="UsedIn" Val="synthesis"/>
        <Attr Name="UsedIn" Val="implementation"/>
        <Attr Name="UsedIn" Val="simulation"/>
      </FileInfo>
    </File>
    <File Path="$PPRDIR/../../modules/shiftA.v">
      <FileInfo>
        <Attr Name="AutoDisabled" Val="1"/>
        <Attr Name="UsedIn" Val="synthesis"/>
        <Attr Name="UsedIn" Val="implementation"/>
        <Attr Name="UsedIn" Val="simulation"/>
      </FileInfo>
    </File>
    <File Path="$PPRDIR/../Lab04_2/Lab04_2.srcs/sources_1/new/system.v">
      <FileInfo>
        <Attr Name="UserDisabled" Val="1"/>
        <Attr Name="UsedIn" Val="synthesis"/>
        <Attr Name="UsedIn" Val="implementation"/>
        <Attr Name="UsedIn" Val="simulation"/>
      </FileInfo>
    </File>
    <Config>
      <Option Name="DesignMode" Val="RTL"/>
      <Option Name="TopModule" Val="system"/>
      <Option Name="TopAutoSet" Val="TRUE"/>
    </Config>
  </FileSet>
  <FileSet Name="constrs_in" Type="Constrs" RelSrcDir="$PSRCDIR/constrs_1" RelGenDir="$PGENDIR/constrs_1">
    <Filter Type="Constrs"/>
    <File Path="$PPRDIR/../Lab04_1/Lab04_1.srcs/constrs_1/new/Basys3_Master.xdc">
      <FileInfo>
        <Attr Name="UsedIn" Val="synthesis"/>
        <Attr Name="UsedIn" Val="implementation"/>
      </FileInfo>
    </File>
    <Config>
      <Option Name="ConstrsType" Val="XDC"/>
    </Config>
  </FileSet>
  <FileSet Name="utils" Type="Utils" RelSrcDir="$PSRCDIR/utils_1" RelGenDir="$PGENDIR/utils_1">
    <Filter Type="Utils"/>
    <File Path="$PSRCDIR/utils_1/imports/synth_1/quadSevenSeg.dcp">
      <FileInfo>
        <Attr Name="UsedIn" Val="synthesis"/>
        <Attr Name="UsedIn" Val="implementation"/>
        <Attr Name="UsedInSteps" Val="synth_1"/>
        <Attr Name="AutoDcp" Val="1"/>
      </FileInfo>
    </File>
    <Config>
      <Option Name="TopAutoSet" Val="TRUE"/>
    </Config>
  </FileSet>
  <Strategy Version="1" Minor="2">
    <StratHandle Name="Vivado Implementation Defaults" Flow="Vivado Implementation 2024"/>
    <Step Id="init_design"/>
    <Step Id="opt_design"/>
    <Step Id="power_opt_design"/>
    <Step Id="place_design"/>
    <Step Id="post_place_power_opt_design"/>
    <Step Id="phys_opt_design"/>
    <Step Id="route_design"/>
    <Step Id="post_route_phys_opt_design"/>
    <Step Id="write_bitstream"/>
  </Strategy>
</GenRun>
